volume,pagina,book,value
1,148,Jos,2:4
1,149,Jos,3:11
1,150,Jos,4:10
1,151,Jos,6:18
1,152,Jos,6:20
1,153,Jos,7:17
1,155,Jos,7:25
1,157,Jos,8:13
1,158,Jos,8:14
1,159,Jos,8:17
1,160,Jos,9:4
1,161,Jos,9:14
1,162,Jos,9:21
1,164,Jos,10:21
1,165,Jos,11:1
1,165,Jos,12:20
1,165,Jos,19:15
1,167,Jos,11:8
1,167,Jos,13:6
1,168,Jos,12:3
1,168,Jos,12:4
1,169,Jos,12:16
1,169,Jos,12:18
1,169,Jos,12:19
1,174,Jos,13:4
1,175,Jos,13:7
1,177,Jos,13:14
1,178,Jos,13:26
1,179,Jos,15:1
1,180,Jos,15:7
1,181,Jos,15:9
1,182,Jos,15:18
1,183,Jos,15:21
1,184,Jos,15:22
1,185,Jos,15:25
1,186,Jos,15:32
1,188,Jos,15:40
1,189,Jos,15:49
1,190,Jos,15:56
1,191,Jos,16:5
1,192,Jos,17:7
1,193,Jos,17:11
1,195,Jos,17:18
1,196,Jos,18:28
1,198,Jos,19:7
1,199,Jos,19:13
1,201,Jos,19:20
1,203,Jos,19:28
1,204,Jos,19:29
1,206,Jos,19:42
1,207,Jos,19:46
1,208,Jos,21:16
1,210,Jos,21:25
1,211,Jos,21:36
1,215,Jos,22:19
1,216,Jos,22:34
1,217,Jos,24:5
1,218,Jos,24:32
1,220,Jg,1:16
1,221,Jg,1:31
1,222,Jg,2:1
1,223,Jg,3:19
1,224,Jg,4:8
1,225,Jg,5:7
1,226,Jg,5:8
1,227,Jg,5:11
1,228,Jg,5:12
1,229,Jg,5:13
1,231,Jg,5:14
1,233,Jg,5:15
1,234,Jg,5:21
1,235,Jg,5:28
1,236,Jg,5:30
1,237,Jg,6:19
1,238,Jg,6:25
1,238,Jg,6:28
1,241,Jg,7:3
1,242,Jg,7:22
1,243,Jg,8:16
1,244,Jg,8:18
1,245,Jg,8:21
1,246,Jg,9:28
1,247,Jg,9:29
1,248,Jg,9:31
1,249,Jg,10:8
1,250,Jg,10:12
1,251,Jg,12:4
1,252,Jg,12:6
1,253,Jg,14:5
1,254,Jg,14:15
1,256,Jg,14:18
1,257,Jg,15:16
1,258,Jg,16:13
1,259,Jg,17:2
1,259,Jg,17:3
1,259,Jg,17:4
1,260,Jg,18:7
1,261,Jg,18:21
1,262,Jg,18:30
1,263,Jg,19:3
1,264,Jg,19:8
1,265,Jg,19:12
1,266,Jg,19:24
1,267,Jg,19:30
1,268,Jg,20:9
1,269,Jg,20:10
1,270,Jg,20:31
1,271,Jg,20:42
1,272,Jg,20:45
1,273,Jg,20:48
1,274,Jg,21:17
1,275,Jg,21:22
1,277,Rt,1:15
1,278,Rt,2:7
1,279,Rt,2:18
1,280,Rt,4:4
1,281,Rt,4:5
1,282,Rt,4:20
1,284,1S,1:1
1,285,1S,1:9
1,286,1S,1:23
1,288,1S,1:24
1,290,1S,1:28
1,291,1S,2:8
1,292,1S,2:20
1,293,1S,2:22
1,294,1S,2:29
1,296,1S,2:33
1,297,1S,3:13
1,298,1S,3:21
1,298,1S,4:1
1,299,1S,4:13
1,300,1S,5:6
1,301,1S,6:18
1,302,1S,6:19
1,304,1S,7:2
1,305,1S,8:16
1,306,1S,9:16
1,307,1S,9:24
1,308,1S,9:25
1,309,1S,10:1
1,310,1S,10:13
1,311,1S,10:19
1,312,1S,10:22
1,313,1S,10:27
1,319,1S,12:8
1,320,1S,12:11
1,321,1S,12:15
1,322,1S,13:1
1,323,1S,13:3
1,324,1S,13:5
1,325,1S,13:6
1,326,1S,13:15
1,327,1S,13:20
1,328,1S,13:21
1,329,1S,14:7
1,330,1S,14:18
1,331,1S,14:21
1,332,1S,14:34
1,333,1S,14:41
1,334,1S,14:49
1,335,1S,15:32
1,336,1S,16:20
1,337,1S,17:12
1,338,1S,17:52
1,339,1S,18:28
1,340,1S,19:23
1,341,1S,20:3
1,342,1S,20:5
1,343,1S,20:16
1,344,1S,20:17
1,345,1S,20:19
1,346,1S,20:25
1,347,1S,20:30
1,348,1S,20:36
1,349,1S,21:3
1,350,1S,21:7
1,351,1S,21:14
1,352,1S,22:3
1,353,1S,22:4
1,354,1S,23:7
1,356,1S,23:22
1,357,1S,24:11
1,358,1S,25:6
1,359,1S,25:11
1,360,1S,26:14
1,361,1S,27:8
1,362,1S,27:10
1,363,1S,28:1
1,364,1S,28:16
1,365,1S,28:17
1,366,1S,29:10
1,367,1S,30:22
1,368,1S,30:26
1,369,1S,30:29
1,370,1S,30:30
1,371,1S,31:9
1,373,2S,1:21
1,375,2S,2:8
1,376,2S,2:12
1,377,2S,2:13
1,378,2S,3:7
1,380,2S,3:12
1,381,2S,3:18
1,382,2S,3:25
1,383,2S,3:34
1,384,2S,4:6
1,386,2S,5:8
1,387,2S,5:16
1,388,2S,5:23
1,389,2S,6:5
1,390,2S,6:7
1,391,2S,7:7
1,393,2S,7:16
1,394,2S,7:23
1,396,2S,8:7
1,397,2S,8:10
1,398,2S,8:12
1,398,2S,8:13
1,399,2S,8:17
1,400,2S,9:10
1,401,2S,10:5
1,402,2S,11:3
1,403,2S,11:11
1,404,2S,11:22
1,408,2S,12:8
1,409,2S,12:14
1,410,2S,12:30
1,411,2S,13:18
1,412,2S,13:27
1,413,2S,13:34
1,414,2S,14:4
1,415,2S,14:14
1,416,2S,14:27
1,417,2S,14:32
1,418,2S,15:7
1,419,2S,15:12
1,420,2S,15:18
1,421,2S,15:24
1,422,2S,15:27
1,423,2S,16:1
1,424,2S,16:14
1,425,2S,17:3
1,427,2S,17:20
1,428,2S,17:25
1,429,2S,17:28
1,431,2S,18:3
1,432,2S,18:12
1,433,2S,18:26
1,434,2S,18:29
1,435,2S,19:1
1,436,2S,19:19
1,437,2S,19:25
1,438,2S,19:26
1,439,2S,19:34
1,440,2S,19:40
1,441,2S,20:6
1,442,2S,20:7
1,443,2S,20:14
1,444,2S,20:18
1,444,2S,20:19
1,446,2S,21:64
1,447,2S,21:6
1,448,2S,21:8
1,449,2S,21:14
1,450,2S,21:19
1,451,2S,22:12
1,452,2S,22:30
1,453,2S,22:33
1,454,2S,22:43
1,455,2S,22:44
1,456,2S,22:46
1,457,2S,23:7
1,458,2S,23:8
1,459,2S,23:18
1,461,2S,23:11
1,462,2S,23:13
1,463,2S,23:19
1,464,2S,23:20
1,465,2S,23:22
1,466,2S,23:23
1,467,2S,23:24
1,468,2S,23:32
1,469,2S,24:2
1,470,2S,24:5
1,471,2S,24:6
1,472,2S,24:13
1,473,2S,24:15
1,474,2S,24:17
1,476,1R,1:18
1,476,1R,1:20
1,479,1R,2:5
1,480,1R,2:19
1,481,1R,2:29
1,482,1R,4:5
1,483,1R,4:6
1,485,1R,5:6
1,486,1R,5:25
1,487,1R,6:8
1,488,1R,6:15
1,488,1R,6:16
1,489,1R,6:17
1,490,1R,6:34
1,491,1R,7:5
1,492,1R,7:15
1,493,1R,7:17
1,494,1R,7:18
1,495,1R,7:24
1,496,1R,8:9
1,497,1R,8:12
1,497,1R,8:13
1,497,1R,8:14
1,498,1R,8:31
1,500,1R,8:36
1,501,1R,8:65
1,502,1R,9:8
1,504,1R,10:8
1,505,1R,10:15
1,506,1R,10:28
1,507,1R,11:7
1,508,1R,11:25
1,509,1R,11:33
1,510,1R,12:2
1,510,1R,15:21
1,511,1R,12:30
1,512,1R,13:12
1,513,1R,14:14
1,514,1R,17:1
1,515,1R,17:6
1,516,1R,18:5
1,517,1R,18:26
1,518,1R,19:3
1,519,1R,20:7
1,520,1R,20:21
1,521,1R,22:48
1,523,2R,1:12
1,525,2R,1:17
1,526,2R,2:14
1,527,2R,2:15
1,528,2R,3:17
1,529,2R,3:24
1,530,2R,3:25
1,531,2R,4:16
1,532,2R,5:18
1,533,2R,6:8
1,533,2R,6:9
1,534,2R,6:11
1,535,2R,6:33
1,536,2R,7:13
1,537,2R,8:16
1,538,2R,9:8
1,539,2R,9:27
1,540,2R,10:1
1,541,2R,10:15
1,542,2R,10:19
1,543,2R,10:25
1,544,2R,10:26
1,544,2R,10:27
1,545,2R,12:10
1,546,2R,12:11
1,547,2R,13:6
1,548,2R,13:21
1,549,2R,13:23
1,550,2R,15:10
1,551,2R,15:25
1,552,2R,16:6
1,553,2R,16:10
1,554,2R,16:18
1,555,2R,17:8
1,556,2R,18:17
1,557,2R,18:34
1,558,2R,19:17
1,559,2R,19:26
1,559,2R,19:27
1,560,2R,19:28
1,561,2R,20:11
1,562,2R,20:12
1,563,2R,21:26
1,564,2R,22:13
1,565,2R,23:8
1,566,2R,23:13
1,567,2R,23:16
1,568,2R,24:2
1,569,2R,25:3
1,570,2R,25:4
1,571,2R,25:9
1,572,2R,25:17
1,574,1Ch,1:12
1,575,1Ch,1:42
1,576,1Ch,2:7
1,577,1Ch,2:18
1,578,1Ch,2:30 :31
1,578,1Ch,2:31
1,579,1Ch,2:42
1,580,1Ch,3:21
1,581,1Ch,3:22
1,582,1Ch,4:22
1,584,1Ch,5:23
1,585,1Ch,6:11
1,586,1Ch,6:13
1,587,1Ch,7:6
1,588,1Ch,7:12
1,589,1Ch,7:15
1,590,1Ch,7:25
1,591,1Ch,7:28
1,592,1Ch,7:32
1,592,1Ch,7:34
1,592,1Ch,7:35
1,593,1Ch,8:3
1,594,1Ch,8:33
1,595,1Ch,9:22
1,596,1Ch,11:11
1,597,1Ch,11:14
1,598,1Ch,11:20
1,598,1Ch,11:24
1,599,1Ch,11:27
1,600,1Ch,11:34
1,601,1Ch,16:5
1,602,1Ch,16:30
1,603,1Ch,17:5
1,604,1Ch,17:17
1,605,1Ch,18:6
1,606,1Ch,19:17
1,607,1Ch,20:3
1,609,1Ch,24:6
1,611,1Ch,24:13
1,612,1Ch,24:23
1,613,1Ch,24:26
1,614,1Ch,25:9
1,615,1Ch,26:1
1,616,1Ch,26:17
1,617,1Ch,26:20
1,618,1Ch,26:25
1,619,1Ch,27:4
1,619,1Ch,27:6
1,621,2Ch,1:5
1,622,2Ch,1:13
1,623,2Ch,3:2
1,624,2Ch,3:4
1,625,2Ch,3:9
1,626,2Ch,3:15
1,627,2Ch,4:3
1,628,2Ch,4:16
1,629,2Ch,5:5
1,630,2Ch,23:18
1,630,2Ch,30:27
1,631,2Ch,5:9
1,632,2Ch,6:42
1,633,2Ch,8:16
1,634,2Ch,9:7
1,635,2Ch,10:14
1,636,2Ch,10:16
1,637,2Ch,11:17
1,638,2Ch,12:15
1,639,2Ch,16:7
1,640,2Ch,17:3
1,641,2Ch,19:8
1,642,2Ch,20:2
1,643,2Ch,20:25
1,644,2Ch,21:2
1,644,2Ch,28:19
1,644,2Ch,28:28
1,645,2Ch,21:15
1,646,2Ch,22:2
1,647,2Ch,22:6
1,648,2Ch,23:14
1,649,2Ch,23:18
1,650,2Ch,25:8
1,651,2Ch,25:20
1,652,2Ch,25:28
1,653,2Ch,26:5
1,654,2Ch,26:5
1,655,2Ch,26:23
1,656,2Ch,30:21
1,657,2Ch,32:22
1,658,2Ch,32:24
1,659,2Ch,32:31
1,660,2Ch,33:19
1,661,2Ch,34:6
1,662,2Ch,34:21
1,662,2Ch,34:25
1,663,2Ch,34:22
1,664,2Ch,35:8
1,664,2Ch,35:9
1,665,2Ch,35:15
1,666,2Ch,36:9
1,667,2Ch,36:10
1,669,Esd,1:6
1,670,Esd,1:9
1,671,Esd,1:10
1,671,Esd,1:11
1,672,Esd,2:40
1,676,Esd,2:42
1,677,Esd,3:5
1,678,Esd,3:12
1,679,Esd,4:7
1,680,Esd,5:4
1,681,Esd,5:8
1,682,Esd,6:4
1,683,Esd,6:15
1,684,Esd,7:12
1,685,Esd,8:5
1,686,Esd,8: 14
1,687,Esd,8:14
1,688,Esd,8:17
1,689,Esd,8:26
1,690,Esd,9:13
1,691,Esd,10:14
1,692,Esd,10:24
1,693,Esd,10:29
1,695,Néh,2:1
1,696,Néh,3:1
1,698,Néh,3:8
1,699,Néh,3:20
1,700,Néh,4:2
1,701,Néh,4:6
1,702,Néh,4:8
1,703,Néh,4:17
1,704,Néh,5:2
1,705,Néh,5:11
1,706,Néh,5:16
1,707,Néh,5:18
1,708,Néh,6:16
1,710,Néh,7:67
1,712,Néh,7:69
1,713,Néh,8:8
1,713,Néh,9:6
1,714,Néh,9:8
1,715,Néh,11:8
1,716,Néh,11:10
1,717,Néh,11:17
1,718,Néh,12:9
1,719,Néh,12:24
1,720,Néh,12:38
1,721,Néh,12:39
1,723,Est,1:22
1,725,Est,3:7
1,727,Est,9:25
1,728,Est,9:29
1,728,Est,9:31
2,95,Is,1:7
2,97,Is,1:12
2,99,Is,1:17
2,101,Is,1:20
2,103,Is,1:21
2,104,Is,1:29
2,105,Is,1:31
2,107,Is,2:6
2,108,Is,2:9
2,109,Is,2:10
2,110,Is,2:12
2,112,Is,2:19
2,114,Is,3:1
2,115,Is,3:10
2,116,Is,3:12
2,119,Is,3:13
2,120,Is,3:24
2,123,Is,4:5
2,124,Is,5:1
2,125,Is,5:9
2,126,Is,5:13
2,128,Is,5:17
2,130,Is,5:18
2,132,Is,5:26
2,133,Is,6:10
2,135,Is,6:13
2,138,Is,7:1
2,140,Is,7:11
2,141,Is,8:2
2,143,Is,8:6
2,144,Is,8:8
2,145,Is,8:9
2,148,Is,8:11
2,150,Is,8:13
2,151,Is,8:14
2,153,Is,8:21
2,154,Is,9:2
2,157,Is,9:10
2,158,Is,9:16
2,160,Is,9:18
2,163,Is,9:19
2,165,Is,10:4
2,168,Is,10:12
2,169,Is,10:25
2,171,Is,10:27
2,172,Is,10:30
2,173,Is,10:34
2,175,Is,11:4
2,176,Is,11:6
2,177,Is,11:11
2,178,Is,11:15
2,180,Is,12:2
2,184,Is,13:2
2,186,Is,13:13
2,187,Is,13:22
2,189,Is,14:2
2,190,Is,14:4
2,194,Is,14:6
2,196,Is,14:12
2,198,Is,14:19
2,199,Is,14:21
2,201,Is,14:30
2,204,Is,15:2
2,205,Is,15:3
2,206,Is,15:5
2,208,Is,15:9
2,212,Is,16:1
2,216,Is,16:4
2,217,Is,16:7
2,219,Is,16:10
2,220,Is,16:14
2,221,Is,17:2
2,223,Is,17:5
2,224,Is,17:9
2,227,Is,17:12
2,227,Is,17:13
2,228,Is,18:4
2,229,Is,18:7
2,231,Is,19:7
2,232,Is,19:9
2,233,Is,19:10
2,235,Is,19:12
2,236,Is,19:14
2,237,Is,19:18
2,244,Is,20:2
2,245,Is,20:6
2,246,Is,21:1
2,247,Is,21:2
2,248,Is,21:8
2,249,Is,22:3
2,250,Is,22:6
2,251,Is,22:17
2,252,Is,22:19
2,254,Is,23:1
2,255,Is,23:2
2,256,Is,23:3
2,258,Is,23:4
2,260,Is,23:5
2,262,Is,23:10
2,264,Is,23:11
2,265,Is,23:14
2,266,Is,24:4
2,268,Is,24:16
2,271,Is,25:2
2,272,Is,25:4
2,273,Is,25:5
2,274,Is,26:5
2,275,Is,26:6
2,275,Is,26:7
2,276,Is,26:8
2,277,Is,26:16
2,280,Is,26:19
2,282,Is,27:2
2,286,Is,27:4
2,288,Is,27:8
2,290,Is,28:1:4
2,292,Is,28:25
2,294,Is,28:28
2,295,Is,29:3
2,297,Is,29:5
2,298,Is,29:7
2,300,Is,29:9
2,302,Is,29:22
2,303,Is,30:6
2,305,Is,30:7
2,306,Is,30:8
2,308,Is,30:17
2,309,Is,30:19
2,310,Is,30:25
2,311,Is,30:27
2,313,Is,30:32
2,314,Is,30:33
2,315,Is,32:6
2,316,Is,32:13
2,317,Is,32:19
2,318,Is,33:1
2,320,Is,33:2
2,321,Is,33:3
2,322,Is,33:4
2,323,Is,33:5
2,324,Is,33:6
2,325,Is,33:7
2,327,Is,33:8
2,328,Is,33:11
2,329,Is,33:23
2,330,Is,34:5
2,333,Is,34:7
2,334,Is,34:12
2,335,Is,34:16
2,337,Is,35:6
2,338,Is,35:7
2,339,Is,35:8
2,341,Is,36:5
2,342,Is,36:9
2,343,Is,36:19
2,344,Is,37:9
2,345,Is,37:12
2,346,Is,37:18
2,347,Is,37:20
2,348,Is,37:21
2,349,Is,37:24
2,350,Is,37:25
2,351,Is,37:27
2,352,Is,37:28
2,353,Is,37:29
2,354,Is,38:7
2,355,Is,38:8
2,357,Is,38:9
2,358,Is,38:11
2,359,Is,38:12
2,360,Is,38:13
2,361,Is,38:14
2,365,Is,38:15
2,367,Is,38:16
2,369,Is,38:17
2,370,Is,38:19
2,371,Is,40:6
2,373,Is,40:7
2,374,Is,40:10
2,375,Is,40:12
2,376,Is,40:14
2,377,Is,40:17
2,379,Is,40:21
2,380,Is,41:2
2,381,Is,41:3
2,382,Is,41:11
2,383,Is,41:14
2,384,Is,41:22
2,385,Is,41:23
2,387,Is,41:24
2,389,Is,41:25
2,392,Is,41:27
2,394,Is,41:29
2,395,Is,42:3
2,396,Is,42:4
2,397,Is,42:6
2,399,Is,42:11
2,400,Is,42:19
2,401,Is,42:20
2,403,Is,42:22
2,404,Is,42:24
2,405,Is,43:4
2,407,Is,43:10
2,408,Is,43:13
2,410,Is,43:14
2,412,Is,43:19
2,413,Is,43:25
2,414,Is,43:28
2,416,Is,44:4
2,418,Is,44:5
2,419,Is,44:7
2,420,Is,44:7
2,422,Is,44:11
2,423,Is,44:12
2,425,Is,44:21
2,426,Is,44:24
2,427,Is,44:25
2,428,Is,44:26
2,429,Is,44:28
2,430,Is,45:8
2,431,Is,45:9
2,434,Is,45:10
2,435,Is,45:11
2,436,Is,45:14
2,437,Is,45:16
2,439,Is,45:24
2,441,Is,47:3
2,443,Is,47:4
2,444,Is,47:14
2,445,Is,48:1
2,446,Is,48:9
2,447,Is,48:10
2,448,Is,48:11
2,449,Is,48:14
2,452,Is,49:7
2,455,Is,49:12
2,456,Is,49:14
2,457,Is,49:17
2,460,Is,49:17
2,461,Is,49:19
2,462,Is,49:21
2,463,Is,49:24
2,464,Is,50:4
2,465,Is,50:11
2,467,Is,51:4
2,468,Is,51:16
2,469,Is,51:19
2,470,Is,51:23
2,471,Is,52:2
2,474,Is,52:5
2,475,Is,52:6
2,476,Is,52:8
2,477,Is,52:14
2,478,Is,52:15
2,489,Is,53:3
2,490,Is,53:5
2,491,Is,53:8
2,493,Is,53:9
2,494,Is,53:10
2,497,Is,53:11
2,498,Is,53:12
2,501,Is,54:2
2,502,Is,54:13
2,503,Is,55:1
2,504,Is,56:5
2,505,Is,56:12
2,506,Is,57:9
2,507,Is,57:11
2,508,Is,57:17
2,509,Is,57:18
2,510,Is,59:18
2,511,Is,60:1
2,512,Is,60:5
2,513,Is,60:7
2,514,Is,60:19
2,515,Is,61:6
2,517,Is,61:7
2,517,Is,61:9
2,518,Is,61:8
2,520,Is,62:5
2,523,Is,63:1
2,525,Is,63:3
2,526,Is,63:6
2,528,Is,63:9
2,531,Is,63:11
2,535,Is,63:14
2,536,Is,63:15
2,538,Is,63:18
2,539,Is,64:2
2,540,Is,64:3
2,541,Is,64:4
2,544,Is,64:6
2,545,Is,65:1
2,546,Is,65:4
2,547,Is,65:5
2,548,Is,65:7
2,550,Is,65:18
2,551,Is,66:2
2,552,Is,66:5
2,554,Is,66:12
2,555,Is,66:17
2,556,Is,66:18
2,558,Is,66:19
2,560,Jr,2:16
2,561,Jr,2:17
2,563,Jr,2:21
2,565,Jr,2:24
2,567,Jr,2:31
2,568,Jr,2:34
2,569,Jr,2:36
2,570,Jr,3:1
2,573,Jr,3:5
2,574,Jr,3:8
2,575,Jr,3:9
2,576,Jr,3:19
2,577,Jr,3:23
2,579,Jr,4:2
2,580,Jr,4:16
2,581,Jr,4:20
2,582,Jr,4:29
2,585,Jr,4:30
2,586,Jr,5:2
2,587,Jr,5:7
2,589,Jr,5:13
2,590,Jr,5:16
2,591,Jr,5:22
2,592,Jr,5:26
2,595,Jr,6:2
2,598,Jr,6:6
2,599,Jr,6:9
2,601,Jr,6:11
2,602,Jr,6:15
2,603,Jr,6:27
2,606,Jr,6:29
2,607,Jr,7:3
2,609,Jr,7:4
2,610,Jr,7:24
2,611,Jr,7:25
2,612,Jr,7:31
2,615,Jr,8:3
2,616,Jr,8:5
2,617,Jr,8:6
2,618,Jr,8:8
2,620,Jr,8:13
2,623,Jr,8:18
2,626,Jr,9:2
2,627,Jr,9:2
2,628,Jr,9:4
2,628,Jr,9:5
2,629,Jr,9:6
2,631,Jr,9:7
2,632,Jr,9:9
2,633,Jr,9:14
2,635,Jr,9:25
2,636,Jr,10:6:7
2,637,Jr,10:9
2,638,Jr,10:13
2,640,Jr,10:18
2,641,Jr,10:20
2,642,Jr,10:24
2,643,Jr,10:25
2,645,Jr,11:2
2,649,Jr,11:13
2,650,Jr,11:14
2,652,Jr,11:15
2,653,Jr,11:15
2,655,Jr,11: 15
2,658,Jr,11:16
2,660,Jr,11:18
2,662,Jr,11:19
2,663,Jr,11:20
2,665,Jr,12:4
2,666,Jr,12:9
2,669,Jr,12:13
2,671,Jr,13:10
2,673,Jr,13:12
2,674,Jr,13:18
2,675,Jr,13:25
2,676,Jr,13:27
2,677,Jr,14:3
2,678,Jr,14:4
2,680,Jr,14:18
2,682,Jr,15:8
2,683,Jr,15:11
2,687,Jr,15:12
2,688,Jr,15:13
2,692,Jr,15:14
2,694,Jr,15:16
2,696,Jr,16:7
2,699,Jr,16:15
2,700,Jr,16:18
2,701,Jr,17:2
2,702,Jr,17:30
2,703,Jr,17:3
2,704,Jr,17:4
2,705,Jr,17:48
2,707,Jr,17:16
2,711,Jr,17:19
2,712,Jr,17:25
2,713,Jr,18:4
2,715,Jr,18:14
2,718,Jr,18:15
2,719,Jr,18:17
2,720,Jr,18:18
2,722,Jr,18:19
2,723,Jr,18:20
2,724,Jr,19:1
2,729,Jr,21:7
2,730,Jr,22:6
2,731,Jr,22:14
2,732,Jr,22:16
2,733,Jr,22:23
2,735,Jr,23:10
2,736,Jr,23:17
2,737,Jr,23:18
2,738,Jr,23:23:24
2,739,Jr,23:26
2,741,Jr,23:29
2,742,Jr,23:33
2,743,Jr,23:39
2,745,Jr,24:9
2,746,Jr,25:9
2,747,Jr,25:14
2,748,Jr,25:15
2,749,Jr,25:24
2,751,Jr,25:26
2,752,Jr,25:34
2,755,Jr,25:38
2,756,Jr,26:1
2,757,Jr,26:10
2,758,Jr,27:1
2,760,Jr,27:3
2,761,Jr,27:38
2,762,Jr,27:9
2,763,Jr,28:1
2,764,Jr,28:8
2,766,Jr,28:13
2,767,Jr,29:12
2,769,Jr,29:19
2,770,Jr,29:24
2,771,Jr,29:25
2,772,Jr,29:26
2,773,Jr,30:5
2,774,Jr,30:7
2,775,Jr,30:8
2,777,Jr,31:3
2,778,Jr,31:7
2,779,Jr,31:9
2,780,Jr,31:13
2,781,Jr,31:24
2,782,Jr,31:27
2,783,Jr,31:35
2,784,Jr,31:37
2,785,Jr,31:40
2,787,Jr,32:11
2,788,Jr,32:12
2,790,Jr,32:29
2,792,Jr,33:2
2,793,Jr,33:4
2,794,Jr,33:5
2,795,Jr,33:6
2,796,Jr,33:9
2,798,Jr,33:16
2,799,Jr,33:20
2,800,Jr,33:25
2,801,Jr,34:7
2,802,Jr,34:12
2,803,Jr,34:14
2,804,Jr,34:18
2,805,Jr,35:4
2,807,Jr,36:17
2,809,Jr,36:22
2,810,Jr,38:10
2,811,Jr,38:11
2,812,Jr,38:22
2,814,Jr,38:23
2,816,Jr,38:28
2,819,Jr,39:3
2,822,Jr,39:4
2,824,Jr,39:8
2,825,Jr,39:9
2,826,Jr,39:10
2,828,Jr,39:11
2,829,Jr,40:2
2,830,Jr,40:5
2,832,Jr,40:8
2,834,Jr,40:9
2,835,Jr,41:1
2,837,Jr,41:3
2,838,Jr,41:9
2,839,Jr,41:16
2,840,Jr,42:1
2,841,Jr,42:12
2,844,Jr,43:10
2,845,Jr,44:3
2,846,Jr,44:9
2,848,Jr,44:15
2,849,Jr,44:19
2,850,Jr,44:21
2,851,Jr,44:23
2,852,Jr,44:25
2,854,Jr,46:9
2,856,Jr,46:12
2,857,Jr,46:15
2,858,Jr,46:17
2,860,Jr,46:20
2,862,Jr,46:22
2,863,Jr,46:23
2,865,Jr,47:5
2,866,Jr,47:7
2,868,Jr,48:4
2,869,Jr,48:54
2,871,Jr,48:5
2,872,Jr,48:6
2,874,Jr,48:7
2,875,Jr,48:9
2,879,Jr,48:15
2,880,Jr,48:31
2,881,Jr,48:32
2,883,Jr,48:33
2,884,Jr,48:34
2,885,Jr,48:39
2,887,Jr,48:45
2,889,Jr,49:1
2,890,Jr,49:3
2,891,Jr,49:38
2,892,Jr,49:4
2,895,Jr,49:8
2,897,Jr,49:11
2,898,Jr,49:19
2,902,Jr,49:21
2,903,Jr,49:23
2,905,Jr,49:25
2,906,Jr,49:28
2,907,Jr,49:29
2,908,Jr,49:30
2,910,Jr,50:3
2,911,Jr,50:5
2,913,Jr,50:9
2,915,Jr,50:11
2,919,Jr,50:14
2,920,Jr,50:21
2,923,Jr,50:26
2,925,Jr,50:32
2,926,Jr,50:36
2,927,Jr,50:38
2,930,Jr,51:1
2,931,Jr,51:2
2,933,Jr,51:3
2,935,Jr,51:7
2,936,Jr,51:11
2,937,Jr,51:13
2,938,Jr,51:19
2,939,Jr,51:20
2,941,Jr,51:29
2,942,Jr,51:33
2,943,Jr,51:39
2,944,Jr,51:49
2,945,Jr,51:58
2,947,Jr,52:7
2,948,Jr,52:13
2,949,Jr,52:14
2,950,Jr,52:15
2,951,Jr,52:20
2,953,Jr,52:22
2,954,Jr,52:25
2,955,Jr,52:28
2,957,Lm,1:4
2,958,Lm,1:7
2,961,Lm,1:9
2,962,Lm,1:12
2,963,Lm,1:13
2,965,Lm,1:14
2,968,Lm,1:144
2,969,Lm,1:14
2,970,Lm,1:16
2,972,Lm,1:19
2,973,Lm,1:21
2,976,Lm,2:6
2,977,Lm,2:12
2,978,Lm,2:13
2,979,Lm,2:16
2,981,Lm,2:18
2,983,Lm,2:21
2,984,Lm,3:5
2,986,Lm,3:11
2,988,Lm,3:14
2,989,Lm,3:16
2,991,Lm,3:17
2,993,Lm,3:20
2,995,Lm,3:22
2,997,Lm,3:27
2,998,Lm,3:31
2,999,Lm,3:51
2,1000,Lm,3:56
2,1001,Lm,3:59
2,1002,Lm,3:66
2,1003,Lm,4:3
2,1004,Lm,4:7
2,1005,Lm,4:15
2,1006,Lm,4:18
3,270,Ez,1:1
3,271,Ez,1:10
3,272,Ez,1:11
3,274,Ez,1:13
3,276,Ez,1:14
3,277,Ez,1:15
3,278,Ez,1:16
3,279,Ez,1:18
3,280,Ez,1:20
3,281,Ez,1:22
3,282,Ez,1:24
3,283,Ez,1:25
3,284,Ez,2:3
3,285,Ez,2:7
3,287,Ez,3:12
3,288,Ez,3:15
3,290,Ez,4:4
3,291,Ez,4:5 &9
3,292,Ez,5:7
3,294,Ez,5:11
3,296,Ez,5:15
3,297,Ez,6:6
3,299,Ez,6:8
3,300,Ez,6:9
3,302,Ez,6:14
3,304,Ez,7:2
3,305,Ez,7:5
3,307,Ez,7:6
3,308,Ez,7:7
3,312,Ez,7:11
3,319,Ez,7:16
3,321,Ez,7:23
3,323,Ez,8:2
3,325,Ez,8:12
3,326,Ez,9:3
3,327,Ez,9:7
3,328,Ez,10:12
3,329,Ez,10:14
3,330,Ez,10:22
3,332,Ez,11:7
3,333,Ez,11:15
3,334,Ez,11:19
3,340,Ez,11:21
3,341,Ez,12:5
3,341,Ez,12:6
3,342,Ez,12:7
3,343,Ez,12:10
3,346,Ez,12:12
3,348,Ez,12:19
3,349,Ez,13:2
3,350,Ez,13:11
3,353,Ez,13:15
3,354,Ez,13:18
3,355,Ez,13:20
3,358,Ez,14:4
3,359,Ez,14:22
3,360,Ez,16:4
3,361,Ez,16:6
3,362,Ez,16:7
3,365,Ez,16:15
3,366,Ez,16:16
3,367,Ez,16:17
3,367,Ez,16:18
3,367,Ez,16:19
3,368,Ez,16:30
3,370,Ez,16:32
3,371,Ez,16:36
3,372,Ez,16:38
3,373,Ez,16:43
3,374,Ez,16:45
3,378,Ez,16:50
3,379,Ez,16:51
3,379,Ez,16:52
3,380,Ez,16:53
3,381,Ez,16:57
3,383,Ez,16:61
3,384,Ez,17:5
3,387,Ez,17:7
3,389,Ez,17:9
3,390,Ez,17:21
3,392,Ez,17:22
3,393,Ez,17:23
3,395,Ez,18:7
3,396,Ez,18:9
3,397,Ez,18:10
3,401,Ez,18:13
3,402,Ez,18:14
3,404,Ez,18:17
3,405,Ez,18:26
3,406,Ez,18:31
3,407,Ez,18:32
3,408,Ez,19:4
3,409,Ez,19:7
3,413,Ez,19:9
3,417,Ez,19:10
3,421,Ez,19:11
3,423,Ez,19:14
3,425,Ez,20:37
3,427,Ez,20:39
3,428,Ez,20:44
3,429,Ez,21:7
3,430,Ez,21:15
3,433,Ez,21:20
3,441,Ez,21:21
3,443,Ez,21:25
3,444,Ez,21:27
3,446,Ez,21:28
3,447,Ez,21:29
3,448,Ez,21:32
3,449,Ez,21:33
3,450,Ez,21:34
3,451,Ez,22:3
3,452,Ez,22:4
3,453,Ez,22:12
3,454,Ez,22:16
3,455,Ez,22:18
3,456,Ez,22:24
3,457,Ez,22:25
3,459,Ez,23:21
3,461,Ez,23:23
3,462,Ez,23:24
3,464,Ez,23:33
3,465,Ez,23:34
3,466,Ez,23:38
3,466,Ez,23:39
3,467,Ez,23:42
3,469,Ez,23:44
3,470,Ez,23:48
3,471,Ez,24:5
3,473,Ez,24:10
3,476,Ez,24:12
3,477,Ez,24:13
3,478,Ez,24:14
3,479,Ez,24:17 & 22
3,480,Ez,25:5
3,481,Ez,25:8
3,482,Ez,25:9
3,483,Ez,26:1
3,484,Ez,26:2
3,485,Ez,26:15
3,487,Ez,26:17
3,489,Ez,26:20
3,492,Ez,27:6
3,493,Ez,27:8
3,494,Ez,27:15
3,495,Ez,27:16
3,497,Ez,27:17
3,498,Ez,27:19
3,501,Ez,27:23
3,502,Ez,27:24
3,503,Ez,28:3
3,504,Ez,28:9
3,506,Ez,28:14
3,507,Ez,29:3
3,510,Ez,29:5
3,511,Ez,29:7
3,513,Ez,30:5
3,514,Ez,30:9
3,516,Ez,30:15
3,516,Ez,30:16
3,517,Ez,30:17
3,518,Ez,30:18
3,519,Ez,30:21
3,520,Ez,31:5
3,521,Ez,31:11
3,522,Ez,31:15
3,523,Ez,31:17
3,524,Ez,32:1
3,527,Ez,32:5
3,528,Ez,32:9
3,529,Ez,32:18
3,531,Ez,32:20
3,533,Ez,32:22
3,533,Ez,32:23
3,534,Ez,32:24
3,534,Ez,32:25
3,535,Ez,32:26
3,536,Ez,32:27
3,538,Ez,32:28
3,539,Ez,32:32
3,542,Ez,33:12
3,543,Ez,33:15
3,544,Ez,33:31
3,545,Ez,33:32
3,546,Ez,34:3
3,547,Ez,34:4
3,549,Ez,34:16
3,551,Ez,34:23
3,552,Ez,34:26
3,553,Ez,34:29
3,554,Ez,34:31
3,555,Ez,35:6
3,557,Ez,35:8
3,558,Ez,35:11
3,559,Ez,36:3
3,560,Ez,36:5
3,562,Ez,36:13
3,563,Ez,36:14
3,564,Ez,36:15
3,565,Ez,36:20
3,567,Ez,37:11
3,568,Ez,37:23
3,569,Ez,37:26
3,570,Ez,38:7
3,571,Ez,38:8
3,572,Ez,38:14
3,573,Ez,38:17
3,575,Ez,38:21
3,576,Ez,39:11
3,578,Ez,39:14
3,580,Ez,39:16
3,581,Ez,39:26
3,582,Ez,40:2
3,583,Ez,40:6
3,585,Ez,40:7
3,586,Ez,40:8
3,586,Ez,40:9
3,587,Ez,40:11
3,588,Ez,40:13
3,589,Ez,40:14
3,592,Ez,40:19
3,593,Ez,40:20
3,594,Ez,40:22
3,596,Ez,40:23
3,597,Ez,40:24
3,598,Ez,40:27
3,599,Ez,40:30
3,600,Ez,40:36
3,601,Ez,40:37
3,602,Ez,40:38
3,604,Ez,40:43
3,608,Ez,40:44
3,611,Ez,40:48
3,613,Ez,40:49
3,615,Ez,41:1
3,616,Ez,41:7
3,619,Ez,41:9
3,620,Ez,41:15
3,622,Ez,41:16
3,626,Ez,41:17
3,626,Ez,41:18
3,627,Ez,41:20
3,627,Ez,41:21
3,628,Ez,41:22
3,630,Ez,41:26
3,632,Ez,42:2
3,634,Ez,42:3
3,635,Ez,42:4
3,636,Ez,42:8
3,637,Ez,42:10
3,638,Ez,42:12
3,641,Ez,42:16
3,645,Ez,43:3
3,646,Ez,43:7
3,649,Ez,43:10
3,650,Ez,43:11
3,652,Ez,43:12
3,653,Ez,43:13
3,655,Ez,44:2
3,656,Ez,44:7
3,657,Ez,44:8
3,658,Ez,44:19
3,659,Ez,44:26
3,660,Ez,44:28
3,662,Ez,45:1
3,664,Ez,45:5
3,665,Ez,45:8
3,666,Ez,45:12
3,667,Ez,45:14
3,669,Ez,45:15
3,670,Ez,45:20
3,671,Ez,46:14
3,673,Ez,46:16
3,674,Ez,46:17
3,675,Ez,46:22
3,678,Ez,47:1
3,679,Ez,47:2
3,680,Ez,47:8
3,682,Ez,47:94
3,683,Ez,47:9
3,684,Ez,47:13
3,687,Ez,47:15
3,688,Ez,47:16
3,689,Ez,47:17
3,693,Ez,47:18
3,695,Ez,48:1
3,697,Ez,48:10
3,698,Ez,48:11
3,699,Ez,48:18
3,700,Ez,48:21
3,701,Ez,48:22
3,702,Ez,48:28
3,704,Dn,1:2
3,705,Dn,1:21
3,706,Dn,2:34
3,707,Dn,2:40
3,708,Dn,2:41
3,708,Dn,2:42
3,709,Dn,3:7
3,711,Dn,3:28
3,712,Dn,4:6
3,713,Dn,4:7
3,714,Dn,4:20
3,715,Dn,4:30
3,716,Dn,4:32
3,717,Dn,5:11
3,718,Dn,5:14
3,719,Dn,5:28
3,720,Dn,7:7
3,721,Dn,7:17
3,724,Dn,8:2
3,725,Dn,8:3
3,726,Dn,8:8
3,728,Dn,8:11
3,730,Dn,8:12
3,733,Dn,8:13
3,734,Dn,8:14
3,735,Dn,8:21
3,736,Dn,8:24
3,737,Dn,9:17
3,738,Dn,9:22
3,739,Dn,9:23
3,740,Dn,10:1
3,741,Dn,10:5
3,742,Dn,10:13
3,743,Dn,10:19
3,744,Dn,11:1
3,746,Dn,11:5
3,747,Dn,11:6
3,750,Dn,11:7
3,751,Dn,11:16
3,752,Dn,11:17
3,754,Dn,11:18
3,755,Dn,11:22
3,756,Dn,11:26
3,758,Dn,11:35
3,759,Dn,11:39
3,760,Dn,11:41
3,762,Dn,12:4
3,763,Dn,12:6
3,764,Dn,12:13
3,766,Os,1:7
3,767,Os,2:3
3,768,Os,2:8
3,770,Os,2:18
3,772,Os,3:1
3,773,Os,3:2
3,774,Os,3:3
3,775,Os,4:4
3,777,Os,4:5
3,778,Os,4:7
3,780,Os,4:15
3,781,Os,4:17
3,782,Os,4:18
3,784,Os,4:19
3,786,Os,5:3
3,788,Os,5:7
3,790,Os,5:8
3,791,Os,5:11
3,793,Os,5:13
3,795,Os,6:5
3,796,Os,6:7
3,800,Os,6:9
3,802,Os,7:1
3,803,Os,7:5
3,807,Os,7:6
3,809,Os,7:12
3,811,Os,7:15
3,812,Os,7:16
3,814,Os,8:1
3,815,Os,8:2
3,816,Os,8:4
3,817,Os,8:5
3,818,Os,8:6
3,819,Os,8:10
3,821,Os,8:11
3,823,Os,8:13
3,827,Os,9:1
3,828,Os,9:2
3,831,Os,9:6
3,833,Os,9:8
3,835,Os,9:13
3,838,Os,10:5
3,841,Os,10:6
3,843,Os,10:7
3,844,Os,10:9
3,846,Os,10:10
3,851,Os,10:11
3,853,Os,10:13
3,854,Os,10:15
3,857,Os,11:2
3,858,Os,11:3
3,862,Os,11:4
3,863,Os,11:5
3,864,Os,11:10
3,865,Os,12:1
3,869,Os,12:2
3,870,Os,12:5
3,873,Os,12:9
3,874,Os,12:10
3,875,Os,12:12
3,876,Os,13:2
3,878,Os,13:6
3,880,Os,13:9
3,882,Os,13:10
3,883,Os,13:14
3,886,Os,13:15
3,889,Os,14:3
3,892,Os,14:8
3,893,Os,14:9
3,897,Jl,1:17
3,901,Jl,2:2
3,902,Jl,2:7
3,904,Jl,2:23
3,906,JI,3:5
3,907,Jl,4:11
3,909,Jl,4:21
3,911,Am,1:11
3,912,Am,2:2
3,915,Am,3:5
3,916,Am,3:11
3,918,Am,3:12
3,922,Am,4:3
3,925,Am,4:9
3,926,Am,4:13
3,929,Am,5:7
3,930,Am,5:9
3,932,Am,5:16
3,934,Am,5:26
3,937,Am,6:2
3,938,Am,6:10
3,940,Am,6:12
3,941,Am,6:13
3,942,Am,7:1
3,944,Am,7:4
3,946,Am,7:7
3,948,Am,8:3
3,950,Am,8:4
3,953,Am,8:8
3,955,Am,8:11
3,956,Am,8:12
3,957,Am,8:14
3,958,Am,9:1
3,962,Am,9:6
3,963,Am,9:11
3,966,Ab,1:3
3,967,Ab,1:4
3,968,Ab,1:12
3,969,Ab,1:17
3,970,Ab,1:20
3,973,Ab,1:21
3,976,Jon,1:8
3,977,Jon,2:5
3,978,Jon,3:8
3,980,Mi,1:2
3,981,Mi,1:5
3,983,Mi,1:7
3,985,Mi,1:9
3,986,Mi,1:10
3,989,Mi,1:11
3,992,Mi,1:12
3,994,Mi,1:13
3,995,Mi,1:14
3,997,Mi,1:15
3,998,Mi,2:4
3,1000,Mi,2:7
3,1002,Mi,2:8
3,1005,Mi,2:10
3,1007,Mi,2:11
3,1009,Mi,3:1
3,1010,Mi,3:3
3,1011,Mi,3:8
3,1012,Mi,3:12
3,1013,Mi,4:6
3,1015,Mi,4:14
3,1016,Mi,5:1
3,1018,Mi,5:3
3,1019,Mi,5:4
3,1020,Mi,5:5
3,1023,Mi,5:7
3,1024,Mi,6:2
3,1025,Mi,6:5
3,1026,Mi,6:8
3,1027,Mi,6:9
3,1030,Mi,6:10
3,1033,Mi,6:11
3,1035,Mi,6:12
3,1036,Mi,6:13
3,1037,Mi,6:16
3,1040,Mi,7:1
3,1041,Mi,7:3
3,1044,Mi,7:4
3,1046,Mi,7:12
3,1048,Mi,7:15
3,1050,Mi,7:18
3,1051,Mi,7:19
3,1053,Na,1:3
3,1054,Na,1:5
3,1056,Na,1:7
3,1057,Na,1:8
3,1060,Na,1:9
3,1061,Na,1:10
3,1063,Na,1:12
3,1065,Na,1:14
3,1067,Na,2:2
3,1069,Na,2:4
3,1073,Na,2:6
3,1074,Na,2:8
3,1077,Na,2:9
3,1079,Na,2:10
3,1080,Na,2:12
3,1081,Na,2:14
3,1084,Na,3:8
3,1087,Na,3:15
3,1088,Na,3:16
3,1089,Na,3:17
3,1090,Na,3:18
3,1092,Ha,1:5
3,1093,Ha,1:8
3,1097,Ha,1:9
3,1101,Ha,1:12
3,1104,Ha,1:17
3,1107,Ha,2:1
3,1110,Ha,2:4
3,1113,Ha,2:5
3,1115,Ha,2:6
3,1116,Ha,2:13
3,1118,Ha,2:15
3,1120,Ha,2:16
3,1124,Ha,2:17
3,1125,Ha,2:19
3,1126,Ha,3:1
3,1129,Ha,3:2
3,1132,Ha,3:4
3,1133,Ha,3:7
3,1134,Ha,3:8
3,1136,Ha,3:9
3,1138,Ha,3:10
3,1139,Ha,3:11
3,1140,Ha,3:13
3,1143,Ha,3:14
3,1146,Ha,3:16
3,1148,Ha,3:19
3,1150,So,1:3
3,1151,So,1:4
3,1152,So,1:5
3,1153,So,1:14
3,1155,So,2:2
3,1156,So,2:5
3,1157,So,2:6
3,1160,So,2:7
3,1163,So,2:9
3,1164,So,2:12
3,1165,So,2:14
3,1166,So,2:14
3,1168,So,3:1
3,1172,So,3:3
3,1173,So,3:6
3,1174,So,3:7
3,1175,So,3:8
3,1179,So,3:10
3,1181,So,3: 15
3,1182,So,3:17
3,1184,So,3:18
3,1189,So,3:19
3,1190,So,3:20
3,1192,Ag,1:2
3,1193,Ag,1:10
3,1194,Ag,1:11
3,1196,Ag,2:5
3,1197,Ag,2:6
3,1198,Ag,2:16
3,1199,Ag,2:17
3,1201,Ag,2:19
3,1202,Ag,2:22
3,1204,Za,1:8
3,1205,Za,2:2
3,1205,Za,2:4
3,1206,Za,2:7
3,1207,Za,2:12
3,1210,Za,2:15
3,1212,Za,3:2
3,1213,Za,3:4
3,1214,Za,3:5
3,1216,Za,3:9
3,1217,Za,4:2
3,1219,Za,4:7
3,1221,Za,4:10
3,1223,Za,4:12
3,1224,Za,5:3
3,1225,Za,5:4
3,1226,Za,5:6
3,1227,Za,5:11
3,1228,Za,6:3
3,1229,Za,6:6
3,1230,Za,6:7
3,1231,Za,6:10
3,1232,Za,6:11
3,1233,Za,6:13
3,1234,Za,6:14
3,1235,Za,7:2
3,1237,Za,8:9
3,1238,Za,8:10
3,1239,Za,9:1
3,1241,Za,9:6
3,1242,Za,9:7
3,1243,Za,9:8
3,1245,Za,9:10
3,1246,Za,9:12
3,1247,Za,9:13
3,1248,Za,9:15
3,1250,Za,9:16
3,1251,Za,10:1
3,1253,Za,10:9
3,1255,Za,10:11
3,1256,Za,10:12
3,1257,Za,11:7
3,1259,Za,11:10
3,1260,Za,11:13
3,1262,Za,11:16
3,1264,Za,12:2
3,1267,Za,12:5
3,1270,Za,12:6
3,1271,Za,13:5
3,1272,Za,14:5
3,1276,Za,14:5
3,1277,Za,14:6
3,1280,Za,14:10
3,1281,Za,14:18
3,1285,Mal,1:3
3,1286,Mal,1:6
3,1287,Mal,1:7
3,1288,Mal,1:8
3,1289,Mal,1:12
3,1291,Mal,1:13
3,1293,Mal,1:14
3,1294,Mal,2:3
3,1296,Mal,2:12
3,1298,Mal,2:15
3,1300,Mal,2:15
3,1301,Mal,2:16
3,1304,Mal,3:5
3,1305,Mal,3:8
3,1306,Mal,3:9
4,50,Ps,1:4
4,52,Ps,2:11
4,53,Ps,2:12
4,54,Ps,4:3
4,56,Ps,4:4
4,58,Ps,4:5
4,59,Ps,6:8
4,61,Ps,7:7
4,63,Ps,7:8
4,66,Ps,7:11
4,68,Ps,7:12
4,69,Ps,8:2
4,72,Ps,8:3
4,74,Ps,9:2
4,75,Ps,9:7
4,76,Ps,9:8
4,77,Ps,9:14
4,78,Ps,9:17
4,81,Ps,10:3
4,84,Ps,10:5
4,86,Ps,10:6
4,86,Ps,10:7
4,87,Ps,10:8
4,89,Ps,10:10
4,91,Ps,11:1
4,92,Ps,11:4
4,94,Ps,11:6
4,96,Ps,12:2
4,98,Ps,12:7
4,100,Ps,12:8
4,102,Ps,13:3
4,103,Ps,13:6
4,105,Ps,14:5
4,108,Ps,16:2
4,112,Ps,16:3
4,117,Ps,16:4
4,120,Ps,17:3
4,122,Ps,17:11
4,124,Ps,17:14
4,127,Ps,18:2
4,128,Ps,18:5
4,131,Ps,18:11
4,132,Ps,18:12
4,135,Ps,18:13
4,138,Ps,18:14
4,140,Ps,18:16
4,142,Ps,18:25
4,145,Ps,18:28
4,147,Ps,18:30
4,150,Ps,18:33
4,152,Ps,18:34
4,154,Ps,18:36
4,157,Ps,18:42
4,159,Ps,18:43
4,161,Ps,18:44
4,164,Ps,18:46
4,165,Ps,19:5
4,167,Ps,19:11
4,168,Ps,19:15
4,170,Ps,20:10
4,172,Ps,22:9
4,173,Ps,22:16
4,176,Ps,22:17
4,181,Ps,22:22
4,183,Ps,22:30
4,184,Ps,22:30
4,188,Ps,24:1
4,190,Ps,24:6
4,192,Ps,25:7
4,194,Ps,25:17
4,196,Ps,25:21
4,205,Ps,26:8
4,206,Ps,26:12
4,208,Ps,27:8
4,209,Ps,28:7
4,212,Ps,28:8
4,214,Ps,29:9
4,215,Ps,30:8
4,217,Ps,30:13
4,218,Ps,31:2
4,220,Ps,31:7
4,223,Ps,31:10
4,224,Ps,31:11
4,226,Ps,31:12
4,228,Ps,31:22
4,229,Ps,31:23
4,233,Ps,32:4
4,236,Ps,32:5
4,237,Ps,32:6
4,239,Ps,32:7
4,241,Ps,33:7
4,243,Ps,34:6
4,244,Ps,35:3
4,247,Ps,35:7
4,249,Ps,35:8
4,252,Ps,35:12
4,253,Ps,35:15
4,255,Ps,35:16
4,258,Ps,36:2
4,260,Ps,36:3
4,262,Ps,36:8
4,263,Ps,37:16
4,264,Ps,37:20
4,271,Ps,37:28
4,273,Ps,37:35
4,276,Ps,37:36
4,278,Ps,38:3
4,279,Ps,38:20
4,281,Ps,39:3
4,282,Ps,39:7
4,284,Ps,40:8
4,285,Ps,40:9
4,286,Ps,40:10
4,287,Ps,41:2
4,289,Ps,41:3
4,291,Ps,41:10
4,292,Ps,42:2
4,294,Ps,42:3
4,296,Ps,42:5
4,301,Ps,42:6
4,302,Ps,42:7
4,305,Ps,42:11
4,306,Ps,43:4
4,308,Ps,44:5
4,310,Ps,44:20
4,312,Ps,45:5
4,315,Ps,45:10
4,317,Ps,45:14
4,321,Ps,46:5
4,323,Ps,46:10
4,325,Ps,47:7
4,327,Ps,47:10
4,330,Ps,48:8
4,332,Ps,48:15
4,336,Ps,49:8
4,338,Ps,49:11
4,341,Ps,49:12
4,344,Ps,49:13
4,348,Ps,49:14
4,350,Ps,49:15
4,353,Ps,50:11
4,354,Ps,50:18
4,356,Ps,50:23
4,359,Ps,51:10
4,361,Ps,51:19
4,364,Ps,51:21
4,365,Ps,52:3
4,367,Ps,52:9
4,369,Ps,52:11
4,371,Ps,53:6
4,373,Ps,54:5
4,376,Ps,55:4
4,378,Ps,55:7
4,379,Ps,55:10
4,381,Ps,55:13
4,383,Ps,55:15
4,386,Ps,55:19
4,389,Ps,56:1
4,393,Ps,56:3
4,396,Ps,56:7
4,402,Ps,56:9
4,406,Ps,56:11
4,409,Ps,57:7
4,411,Ps,57:9
4,413,Ps,58:8
4,416,Ps,58:10
4,418,Ps,59:8
4,420,Ps,59:10
4,427,Ps,59:12
4,429,Ps,59:16
4,431,Ps,60:6
4,433,Ps,60:7
4,436,Ps,60:8
4,439,Ps,60:11
4,442,Ps,60:12
4,445,Ps,61:3
4,447,Ps,61:6
4,448,Ps,62:3
4,450,Ps,62:5
4,452,Ps,64:5
4,453,Ps,64:6
4,457,Ps,64:7
4,460,Ps,64:9
4,462,Ps,65:2
4,466,Ps,65:4
4,468,Ps,65:6
4,469,Ps,65:8
4,471,Ps,66:12
4,474,Ps,67:5
4,476,Ps,68:3
4,479,Ps,68:5
4,481,Ps,68:9
4,484,Ps,68:12
4,485,Ps,68:18
4,487,Ps,68:19
4,489,Ps,68:24
4,491,Ps,68:27
4,494,Ps,68:28
4,498,Ps,68:29
4,500,Ps,68:31
4,507,Ps,68:32
4,514,Ps,68:33
4,516,Ps,68:36
4,519,Ps,69:5
4,521,Ps,69:11
4,522,Ps,69:13
4,524,Ps,69:14
4,525,Ps,69:15
4,527,Ps,69:23
4,529,Ps,69:27
4,531,Ps,69:33
4,533,Ps,69:36
4,534,Ps,70:2
4,536,Ps,70:4
4,538,Ps,71:3
4,541,Ps,71:10
4,543,Ps,71:13
4,544,Ps,71:15
4,546,Ps,71:18
4,548,Ps,72:3
4,549,Ps,72:5
4,551,Ps,72:7
4,553,Ps,72:9
4,557,Ps,72:12
4,559,Ps,72:16
4,561,Ps,72:17
4,564,Ps,73:1
4,566,Ps,73:4
4,568,Ps,73:7
4,569,Ps,73:10
4,571,Ps,73:12
4,573,Ps,73:15
4,574,Ps,73:20
4,576,Ps,73:26
4,577,Ps,73:28
4,579,Ps,74:2
4,580,Ps,74:3
4,582,Ps,74:5
4,585,Ps,74:9
4,586,Ps,74:11
4,588,Ps,74:19
4,590,Ps,74:20
4,592,Ps,75:2
4,594,Ps,75:6
4,596,Ps,75:7
4,598,Ps,75:9
4,600,Ps,75:10
4,602,Ps,75:11
4,604,Ps,76:4
4,605,Ps,76:5
4,608,Ps,76:11
4,610,Ps,76:12
4,611,Ps,77:3
4,613,Ps,77:7
4,616,Ps,77:11
4,618,Ps,77:12
4,620,Ps,78:28
4,621,Ps,78:34
4,623,Ps,78:48
4,624,Ps,78:71
4,625,Ps,79:11
4,628,Ps,80:3
4,629,Ps,80:16
4,631,Ps,81:6
4,633,Ps,81:17
4,636,Ps,83:11
4,637,Ps,83:19
4,639,Ps,84:7
4,642,Ps,84:8
4,643,Ps,84:11
4,645,Ps,85:9
4,647,Ps,85:14
4,649,Ps,86:9
4,650,Ps,87:4
4,651,Ps,87:5
4,653,Ps,87:7
4,655,Ps,88:2
4,656,Ps,88:6
4,659,Ps,88:19
4,661,Ps,89:2
4,663,Ps,89:3
4,666,Ps,89:8
4,667,Ps,89:9
4,669,Ps,89:13
4,671,Ps,89:17
4,672,Ps,89:20
4,674,Ps,89:38
4,675,Ps,89:44
4,677,Ps,89:45
4,680,Ps,89:48
4,682,Ps,89:51
4,684,Ps,90:2
4,686,Ps,90:6
4,688,Ps,90:10
4,692,Ps,90:17
4,695,Ps,91:3
4,697,Ps,91:9
4,700,Ps,92:10
4,704,Ps,92:11
4,705,Ps,92:12
4,706,Ps,93:1
4,710,Ps,93:2
4,711,Ps,93:4
4,713,Ps,94:10
4,714,Ps,94:15
4,716,Ps,95:7
4,719,Ps,95:10
4,720,Ps,97:10
4,722,Ps,97:11
4,724,Ps,99:4
4,726,Ps,100:3
4,728,Ps,101:2
4,730,Ps,101:3
4,731,Ps,102:8
4,733,Ps,102:9
4,734,Ps,102:14
4,736,Ps,102:24
4,737,Ps,102:25
4,739,Ps,103:5
4,741,Ps,104:17
4,744,Ps,104:35
4,748,Ps,105:6
4,749,Ps,105:22
4,751,Ps,105:27
4,753,Ps,105:28
4,755,Ps,105:36
4,756,Ps,105:40
4,758,Ps,106:7
4,760,Ps,106:20
4,763,Ps,106:27
4,765,Ps,106:43
4,766,Ps,107:3
4,768,Ps,107:17
4,769,Ps,107:20
4,770,Ps,107:39
4,771,Ps,108:5
4,773,Ps,109:4
4,775,Ps,109:7
4,776,Ps,109:10
4,779,Ps,109:14
4,781,Ps,109:17
4,783,Ps,109:28
4,784,Ps,110:3
4,797,Ps,110:6
4,799,Ps,111:10
4,801,Ps,115:3
4,802,Ps,115:9
4,806,Ps,115:18
4,807,Ps,116:2
4,808,Ps,116:3
4,810,Ps,116:8
4,812,Ps,116:10
4,815,Ps,116:16
4,816,Ps,118:5
4,818,Ps,118:10
4,818,Ps,118:11
4,819,Ps,118:12
4,821,Ps,118:13
4,822,Ps,118:16
4,824,Ps,118:27
4,825,Ps,118:28
4,826,Ps,119:14
4,828,Ps,119:24
4,829,Ps,119:37
4,837,Ps,119:43
4,839,Ps,119:47
4,840,Ps,119:48
4,841,Ps,119:82
4,843,Ps,119:85
4,844,Ps,119:96
4,845,Ps,119:117
4,848,Ps,119:119
4,850,Ps,119:128
4,852,Ps,119:150
4,854,Ps,119:169
4,855,Ps,122:6
4,856,Ps,124:3
4,857,Ps,127:2
4,859,Ps,131:2
4,861,Ps,132:15
4,863,Ps,134:1
4,864,Ps,135:3
4,866,Ps,135:7
4,867,Ps,135:17
4,868,Ps,136:4
4,869,Ps,136:15
4,871,Ps,137:3
4,874,Ps,137:8
4,876,Ps,138:1
4,878,Ps,138:2
4,883,Ps,138:6
4,884,Ps,139:9
4,886,Ps,139:11
4,887,Ps,139:12
4,889,Ps,139:14
4,891,Ps,139:16
4,894,Ps,139:18
4,895,Ps,139:20
4,900,Ps,140:6
4,902,Ps,140:9
4,905,Ps,141:4
4,907,Ps,141:5
4,911,Ps,141:7
4,913,Ps,142:5
4,916,Ps,143:10
4,918,Ps,144:2
4,921,Ps,144:12
4,923,Ps,145:5
4,926,Ps,145:13
4,928,Ps,146:6
4,929,Ps,147:1
4,932,Ps,147:8
4,934,Ps,147:17
4,935,Ps,147:20
5,31,Jb,1:5
5,33,Jb,2:1
5,35,Jb,2:12
5,36,Jb,3:6
5,41,Jb,3:8
5,43,Jb,3:22
5,45,Jb,4:21
5,49,Jb,5:3
5,51,Jb,5:5
5,56,Jb,5:7
5,58,Jb,5:15
5,60,Jb,5:22
5,61,Jb,6:10
5,62,Jb,6:14
5,65,Jb,6:21
5,68,Jb,7:4
5,71,Jb,7:5
5,72,Jb,7:20
5,75,Jb,8:6
5,76,Jb,8:17
5,77,Jb,8:21
5,79,Jb,9:17
5,80,Jb,9:19
5,82,Jb,9:20
5,83,Jb,9:24
5,84,Jb,9:30
5,85,Jb,9:31
5,86,Jb,9:33
5,88,Jb,10:8
5,89,Jb,10:9
5,90,Jb,10:15
5,92,Jb,10:16
5,93,Jb,10:20
5,96,Jb,11:2
5,97,Jb,11:4
5,98,Jb,11:6
5,99,Jb,11:8
5,100,Jb,11:10
5,102,Jb,11:11
5,103,Jb,11:12
5,105,Jb,11:17
5,108,Jb,11:18
5,109,Jb,11:19
5,110,Jb,12:2
5,112,Jb,12:6
5,113,Jb,12:8
5,115,Jb,12:17
5,117,Jb,12:18
5,119,Jb,13:14
5,121,Jb,13:27
5,122,Jb,13:28
5,123,Jb,14:3
5,125,Jb,14:4
5,126,Jb,14:6
5,129,Jb,14:12
5,130,Jb,15:22
5,132,Jb,15:23
5,133,Jb,15:24
5,135,Jb,15:29
5,138,Jb,15:30
5,140,Jb,15:31
5,142,Jb,15:32
5,145,Jb,16:7
5,146,Jb,16:8
5,148,Jb,16:20
5,150,Jb,17:1
5,151,Jb,17:4
5,153,Jb,17:7
5,154,Jb,17:11
5,156,Jb,17:12
5,157,Jb,17:15
5,159,Jb,17:16
5,162,Jb,18:2
5,164,Jb,18:3
5,166,Jb,18:4
5,167,Jb,18:12
5,170,Jb,18:13
5,173,Jb,18:15
5,178,Jb,19:12
5,180,Jb,19:13
5,182,Jb,19:20
5,184,Jb,19:24
5,186,Jb,19:26
5,189,Jb,19:29
5,191,Jb,20:2
5,193,Jb,20:10
5,194,Jb,20:17
5,196,Jb,20:18
5,197,Jb,20:19
5,199,Jb,20:23
5,201,Jb,20:25
5,203,Jb,20:26
5,205,Jb,20:29
5,207,Jb,21:8
5,209,Jb,21:11
5,210,Jb,21:16
5,213,Jb,21:17
5,215,Jb,21:33
5,217,Jb,22:8
5,218,Jb,22:11
5,220,Jb,22:12
5,222,Jb,22:23
5,224,Jb,22:29
5,227,Jb,22:30
5,230,Jb,23:2
5,233,Jb,23:7
5,235,Jb,23:9
5,237,Jb,23:12
5,240,Jb,23:13
5,242,Jb,23:17
5,244,Jb,24:1
5,246,Jb,24:2
5,247,Jb,24:5
5,250,Jb,24:9
5,252,Jb,24:11
5,254,Jb,24:12
5,258,Jb,24:14
5,260,Jb,24:18
5,263,Jb,24:19
5,265,Jb,24:20
5,267,Jb,24:21
5,269,Jb,24:24
5,271,Jb,25:3
5,273,Jb,25:5
5,274,Jb,26:9
5,276,Jb,27:8
5,278,Jb,27:18
5,279,Jb,27:19
5,281,Jb,27:20
5,282,Jb,28:3
5,283,Jb,28:4
5,285,Jb,28:11
5,288,Jb,28:12
5,289,Jb,28:13
5,290,Jb,28:27
5,292,Jb,29:4
5,293,Jb,29:12
5,294,Jb,29:18
5,300,Jb,29:20
5,301,Jb,29:25
5,303,Jb,30:3
5,305,Jb,30:11
5,307,Jb,30:12
5,308,Jb,30:13
5,310,Jb,30:17
5,311,Jb,30:18
5,313,Jb,30:20
5,315,Jb,30:24
5,318,Jb,30:28
5,319,Jb,31:12
5,321,Jb,31:18
5,323,Jb,31:21
5,325,Jb,31:23
5,326,Jb,31:32
5,330,Jb,31:33
5,331,Jb,31:35
5,333,Jb,32:3
5,334,Jb,32:4
5,336,Jb,32:13
5,337,Jb,32:14
5,338,Jb,32:19
5,340,Jb,32:21
5,342,Jb,33:3
5,343,Jb,33:6
5,345,Jb,33:13
5,346,Jb,33:16
5,349,Jb,33:17
5,350,Jb,33:24
5,353,Jb,33:25
5,355,Jb,33:26
5,357,Jb,34:6
5,359,Jb,34:14
5,360,Jb,34:18
5,362,Jb,34:20
5,364,Jb,34:23
5,366,Jb,34:26
5,367,Jb,34:27
5,368,Jb,34:29
5,370,Jb,34:30
5,372,Jb,34:31
5,374,Jb,34:32
5,376,Jb,34:37
5,377,Jb,35:3
5,379,Jb,35:15
5,381,Jb,36:5
5,383,Jb,36:7
5,386,Jb,36:14
5,387,Jb,36:16
5,389,Jb,36:17
5,391,Jb,36:19
5,393,Jb,36:20
5,394,Jb,36:21
5,396,Jb,36:27
5,397,Jb,36:28
5,398,Jb,36:29
5,400,Jb,36:30
5,404,Jb,36:32
5,406,Jb,36:33
5,408,Jb,37:5
5,409,Jb,37:6
5,411,Jb,37:13
5,412,Jb,37:20
5,415,Jb,37:22
5,416,Jb,37:24
5,418,Jb,38:8
5,419,Jb,38:11
5,421,Jb,38:14
5,423,Jb,38:17
5,424,Jb,38:20
5,425,Jb,38:24
5,427,Jb,38:27
5,428,Jb,38:34
5,430,Jb,38:36
5,433,Jb,38:41
5,434,Jb,39:1
5,435,Jb,39:10
5,437,Jb,39:12
5,440,Jb,39:13
5,443,Jb,39:19
5,446,Jb,39:25
5,447,Jb,40:5
5,448,Jb,40:13
5,450,Jb,40:15
5,451,Jb,40:19
5,453,Jb,40:20
5,455,Jb,40:23
5,456,Jb,40:24
5,457,Jb,40:29
5,459,Jb,41:1
5,461,Jb,41:2
5,463,Jb,41:3
5,465,Jb,41:4
5,468,Jb,41:5
5,470,Jb,41:7
5,472,Jb,41:12
5,473,Jb,41:17
5,475,Jb,42:3
5,477,Jb,42:4
5,478,Jb,42:6
5,482,Pr,1:10
5,483,Pr,1:16
5,485,Pr,1:19
5,487,Pr,1:21
5,489,Pr,1:27
5,491,Pr,2:9
5,492,Pr,2:17
5,494,Pr,2:18
5,496,Pr,2:22
5,498,Pr,3:3
5,499,Pr,3:4
5,501,Pr,3:8
5,503,Pr,3:10
5,505,Pr,3:12
5,507,Pr,3:24
5,509,Pr,3:35
5,511,Pr,4:5
5,511,Pr,4:6
5,512,Pr,4:7
5,514,Pr,5:2
5,516,Pr,5:7
5,519,Pr,5:9
5,520,Pr,5:16
5,522,Pr,5:19
5,526,Pr,6:2
5,528,Pr,6:3
5,530,Pr,6:5
5,532,Pr,6:11
5,534,Pr,6:24
5,536,Pr,6:25
5,538,Pr,7:6
5,539,Pr,7:9
5,542,Pr,7:17
5,543,Pr,7:22
5,547,Pr,7:24
5,548,Pr,8:12
5,549,Pr,8:13
5,550,Pr,8:14
5,552,Pr,8:16
5,554,Pr,8:23
5,557,Pr,8:28
5,558,Pr,8:29
5,561,Pr,8:30
5,565,Pr,8:31
5,567,Pr,8:32
5,568,Pr,9:1
5,569,Pr,9:6
5,571,Pr,9:9
5,573,Pr,9:13
5,575,Pr,10:10
5,577,Pr,10:18
5,578,Pr,10:21
5,580,Pr,10:28
5,581,Pr,10:29
5,583,Pr,11:7
5,585,Pr,11:15
5,586,Pr,11:16
5,589,Pr,11:19
5,591,Pr,11:23
5,593,Pr,11:25
5,595,Pr,11:28
5,596,Pr,11:30
5,598,Pr,12:9
5,600,Pr,12:12
5,602,Pr,12:13
5,603,Pr,12:16
5,605,Pr,12:26
5,606,Pr,12:27
5,608,Pr,12:28
5,615,Pr,13:1
5,618,Pr,13:2
5,620,Pr,13:11
5,623,Pr,13:14
5,625,Pr,13:15
5,633,Pr,13:16
5,634,Pr,13:17
5,636,Pr,14:1
5,637,Pr,14:3
5,639,Pr,14:9
5,641,Pr,14:14
5,643,Pr,14:17
5,644,Pr,14:21
5,646,Pr,14:24
5,648,Pr,14:25
5,649,Pr,14:32
5,651,Pr,14:33
5,652,Pr,15:2
5,654,Pr,15:19
5,656,Pr,15:26
5,657,Pr,16:11
5,659,Pr,16:13
5,660,Pr,16:16
5,662,Pr,16:30
5,664,Pr,17:22
5,668,Pr,18:1
5,670,Pr,18:3
5,671,Pr,18:16
5,672,Pr,18:18
5,674,Pr,18:19
5,675,Pr,18:24
5,677,Pr,19:7
5,679,Pr,19:16
5,681,Pr,19:27
5,683,Pr,19:29
5,685,Pr,20:16
5,688,Pr,20:21
5,689,Pr,20:23
5,690,Pr,20:27
5,692,Pr,20:28
5,694,Pr,20:30
5,695,Pr,21:4
5,698,Pr,21:5
5,699,Pr,21:6
5,701,Pr,21:20
5,703,Pr,21:21
5,705,Pr,21:26
5,706,Pr,21:27
5,708,Pr,21:29
5,710,Pr,22:8
5,712,Pr,22:10
5,714,Pr,22:11
5,715,Pr,22:17
5,718,Pr,22:20
5,719,Pr,22:21
5,721,Pr,22:27
5,722,Pr,23:5
5,725,Pr,23:7
5,727,Pr,23:18
5,729,Pr,23:26
5,730,Pr,23:28
5,732,Pr,23:31
5,733,Pr,23:34
5,736,Pr,23:35
5,738,Pr,24:5
5,740,Pr,24:10
5,741,Pr,24:12
5,743,Pr,24:14
5,745,Pr,24:21
5,747,Pr,24:22
5,748,Pr,24:31
5,749,Pr,24:34
5,750,Pr,25:4
5,751,Pr,25:8
5,753,Pr,25:13
5,754,Pr,25:18
5,757,Pr,25:19
5,758,Pr,25:20
5,761,Pr,25:27
5,763,Pr,26:6
5,764,Pr,26:7
5,766,Pr,26:10
5,768,Pr,26:17
5,770,Pr,26:21
5,771,Pr,26:23
5,773,Pr,26:28
5,774,Pr,27:6
5,776,Pr,27:9
5,778,Pr,27:13
5,779,Pr,27:14
5,780,Pr,27:17
5,782,Pr,27:22
5,783,Pr,27:24
5,785,Pr,27:27
5,786,Pr,28:2
5,788,Pr,28:3
5,790,Pr,28:5
5,791,Pr,28:10
5,793,Pr,28:16
5,794,Pr,28:18
5,795,Pr,28:23
5,797,Pr,29:6
5,799,Pr,29:10
5,801,Pr,29:18
5,802,Pr,30:1
5,805,Pr,30:14
5,806,Pr,30:17
5,808,Pr,30:23
5,809,Pr,30:24
5,810,Pr,30:28
5,812,Pr,31:1
5,813,Pr,31:2
5,814,Pr,31:3
5,816,Pr,31:4
5,817,Pr,31:15
5,818,Pr,31:17
5,819,Pr,31:21
5,821,Pr,31:31
5,824,Qo,2:8
5,825,Qo,2:12
5,828,Qo,2:15
5,830,Qo,2:24
5,832,Qo,2:25
5,834,Qo,3:12
5,836,Qo,3:16
5,838,Qo,3:17
5,840,Qo,3:18
5,842,Qo,3:19
5,844,Qo,4:3
5,845,Qo,4:10
5,848,Qo,4:17
5,850,Qo,5:8
5,852,Qo,5:15
5,854,Qo,5:16
5,856,Qo,5:17
5,858,Qo,6:10
5,860,Qo,7:7
5,862,Qo,7:18
5,864,Qo,7:25
5,866,Qo,8:1
5,867,Qo,8:2
5,870,Qo,8:10
5,874,Qo,8:12
5,876,Qo,9:1
5,877,Qo,9:2
5,881,Qo,9:3
5,883,Qo,9:9
5,885,Qo,9:12
5,887,Qo,9:14
5,889,Qo,9:18
5,891,Qo,10:1
5,893,Qo,10:6
5,895,Qo,10:10
5,896,Qo,10:15
5,898,Qo,12:3
5,900,Qo,12:4
5,902,Qo,12:5
5,905,Qo,12:6
5,906,Qo,12:10
5,908,Qo,12:13
5,911,Ct,1:4
5,912,Ct,1:5
5,913,Ct,1:7
5,915,Ct,2:5
5,917,Ct,2:7
5,919,Ct,2:13
5,921,Ct,3:1
5,921,Ct,3:2
5,922,Ct,3:5
5,923,Ct,3:10
5,924,Ct,4:1
5,926,Ct,4:5
5,927,Ct,4:8
5,928,Ct,4:10
5,930,Ct,4:12
5,932,Ct,4:13
5,933,Ct,4:15
5,935,Ct,5:6
5,936,Ct,5:11
5,937,Ct,5:13
5,940,Ct,6:4:10
5,942,Ct,6:12
5,945,Ct,7:6
5,946,Ct,7:7
5,947,Ct,7:10
5,949,Ct,8:2
5,951,Ct,8:5
5,953,Ct,8:9
5,954,Ct,8:13
1,181,Jos,18:15
1,191,Jos,18:13
1,199,Jos,21:35
1,204,Jos,19:30
1,269,Jg,20:33
1,295,1S,2:32
1,342,1S,20:12
1,378,2S,4:2
1,382,2S,4:12
